热门查询,点击次数,展示,点击率,排名
how to drain a dishwasher with standing water,0,25,0.0000,69.52
how to unclog a dishwasher with standing water,0,25,0.0000,89.85
standing water in dishwasher,0,10,0.0000,51.18
water in dishwasher,0,8,0.0000,60.44
standing water dishwasher,0,6,0.0000,47.60
water sitting in bottom of dishwasher,0,5,0.0000,53.38
why is there standing water in my dishwasher,0,3,0.0000,54.50
pods not dissolving in washer,0,2,0.0000,55.50
dishwasher has standing water,0,2,0.0000,65.50
dishwasher has water in bottom after cycle,0,2,0.0000,42.50
dishwasher standing water,0,2,0.0000,51.00
how to drain standing water in dishwasher,0,2,0.0000,68.00
how to remove standing water from dishwasher,0,2,0.0000,55.50
how to remove standing water in dishwasher,0,2,0.0000,67.00
pool of water in dishwasher,0,2,0.0000,59.50
standing water in dishwasher whirlpool,0,2,0.0000,47.50
standing water in the dishwasher,0,2,0.0000,65.00
water standing in dishwasher,0,2,0.0000,55.50
why does my dishwasher have standing water,0,2,0.0000,60.00
water in dishwasher filter,0,2,0.0000,22.00
dishwasher capsule not dissolving,0,1,0.0000,56.00
dishwasher detergent not dissolving,0,1,0.0000,56.00
dishwasher detergent pod not dissolving,0,1,0.0000,51.00
dishwasher not dissolving pod,0,1,0.0000,57.00
why are my cascade pods not dissolving,0,1,0.0000,57.00
how to clear standing water in dishwasher,0,1,0.0000,60.00
how to fix dishwasher with standing water,0,1,0.0000,53.00
how to fix standing water in dishwasher,0,1,0.0000,62.00
how to get rid of standing water in dishwasher,0,1,0.0000,91.00
standing water at bottom of dishwasher,0,1,0.0000,61.00
standing water bottom of dishwasher,0,1,0.0000,57.00
standing water in a dishwasher,0,1,0.0000,56.00
standing water in dishwasher filter,0,1,0.0000,50.00
standing water in whirlpool dishwasher,0,1,0.0000,48.00
standing water under dishwasher filter,0,1,0.0000,50.00
suds in bottom of dishwasher after cycle,0,1,0.0000,46.00
water in the bottom of dishwasher after cycle,0,1,0.0000,48.00
water left in dishwasher,0,1,0.0000,68.00
water remaining in dishwasher,0,1,0.0000,63.00
water stagnant in dishwasher,0,1,0.0000,67.00
should there be water in the dishwasher filter,0,1,0.0000,30.00
whirlpool dishwasher standing water under filter,0,1,0.0000,34.00
